01_prenom,02_genre
Emeline,f
Adrienne,f
Malik,m
Adam,m
Lou-Ann,f
Brandon,m
Aubin,m
Mathys,m
Diana,f
Nicole,f
Jassem,m
Déborah,f
Philippine,f
Anne,f
Théophane,m
Carlotta,f
Keyla,f
Chanel,f
Emmie,f
Leïna,f
Aleksandra,f
Imrane,m
Hajar,f
Lilas,f
Zara,f
Emi,f
Anae,f
Talia,f
Gwenaëlle,f
Adib,m
Marin,m
Cosima,f
Perrine,f
Mouctar,m
Joaquim,m
Wilfried,m
Théophile,m
Hillel,m
Suzie,f
Elior,m
Lliory,m
Ilyane,m
Loula,f
Rebecca,f
Zoe,f
Pharell,m
Selène,f
Elyne,f
Miya,f
Romane,f
Maïna,f
Maxime,m
Cassandra,f
Zephyr,m
Yohann,m
Lyana,f
Leanne,f
Mickaël,m
Amelia,f
Chloé,f
Ayla,f
Beya,f
Maï,f
Calixte,m
Wesley,m
Charlie,m
Ilan,m
Zina,f
Giulio,m
Layana,f
Eloane,f
Taïs,f
Caroline,f
Laurent,m
Salomée,f
Leane,f
Anatole,m
Véronique,f
Jose,m
Johan,m
Mayar,f
Romy,f
Kenzo,m
José,m
Ilyas,m
Natasha,f
Danae,f
Louca,m
Ophelie,f
Tymeo,m
Christophe,m
Junon,f
Laurine,f
Hanna,f
Ferdinand,m
Lital,f
Elona,f
Leopold,m
Elisabeth,f
Séverine,f
Ewenn,m
Mael,m
Gustave,m
Sarra,f
Stacy,f
Jalil,m
Hana,f
Zeinab,f
Wael,m
Naïs,f
Coumba,f
Tia,f
Emile,m
Mateo,m
Liyah,f
Youssouf,m
Anas,m
Lior,m
Louann,f
Yossef,m
Nadir,m
Henri,m
Malo,m
Hassan,m
Celestine,f
Livio,m
Maïssane,f
Auriane,f
Stephanie,f
Hector,m
Adrian,m
Lou,m
Nahla,f
Allan,m
Darius,m
Amélie,f
Elya,f
Aylin,f
Luna,f
Roméo,m
Christian,m
Wiem,f
Pascale,f
Yoav,m
Haya,f
Elena,f
Hermine,f
Ryan,m
Yoni,m
Noé,m
Eulalie,f
Ismaïl,m
Cyprien,m
Linda,f
Laurence,f
Sami,m
Aimee,f
Axel,m
Emilien,m
Lauryn,f
Martha,f
Nada,f
Yvan,m
Jaden,m
Melody,f
Adel,m
Taha,m
Marguerite,f
Vadim,m
Alycia,f
Eli,m
Kayliah,f
Camille,f
Joakim,m
Aïssa,m
Hind,f
Marlon,m
Rodrigue,m
Ilyes,m
Ayoub,m
Kahina,f
Jim,m
Imad,m
Helène,f
Maïmouna,f
Alain,m
Iyad,m
Sybille,f
Yaya,m
Kilian,m
Ayem,f
Auguste,m
Arsène,m
Arto,m
Clotilde,f
Cedric,m
Francesca,f
Lily-Rose,f
Séléna,f
Maïssa,f
Christine,f
Aymeric,m
Neyla,f
Calista,f
Binta,f
Jacqueline,f
Mai,f
Matilde,f
Teddy,m
Adélaïde,f
Esma,f
Margot,f
Imène,f
Hélène,f
Annaëlle,f
Bilal,m
Ronan,m
Tim,m
Kan,f
Helie,m
Maroussia,f
Yannis,m
Aviel,m
Amina,f
Minh,m
Jihane,f
Robin,m
Manelle,f
Arno,m
Abigaël,f
Timeo,m
Etienne,m
Scarlett,f
Maram,f
Lea,f
Sohan,m
Raphaëlle,f
Aurélie,f
Briac,m
Ange,m
Iliana,f
Youmna,f
Selena,f
Sylvia,f
Issam,m
Pia,f
Iseult,f
Athéna,f
Rayane,m
Ondine,f
Mamoudou,m
Tali,f
Paolo,m
Nadine,f
Oliver,m
Maïly,f
William,m
Cloé,f
Assil,f
Gwendoline,f
Martial,m
Aksel,m
Nikita,m
Clelie,f
Kadidiatou,f
Rayen,m
Yoan,m
Georges,m
Liliana,f
Lohan,m
George,m
Juliette,f
Noemie,f
Achille,m
Arman,m
Lilou,f
Eva,f
Samantha,f
Jason,m
Daouda,m
Josephine,f
Mahmoud,m
Lucie,f
Hannah,f
Tancrède,m
Baudouin,m
Arnaud,m
Leelou,f
Sven,m
Hawa,f
Camila,f
Pacôme,m
Géraldine,f
Maélis,f
Victorien,m
Aurèle,m
Noa,m
Gaëtan,m
Laurène,f
Avril,f
Maud,f
Hadja,f
Mohamed-Ali,m
Carine,f
Fanta,f
Dimitri,m
Leandro,m
Matheo,m
Satine,f
Danièle,f
Honore,m
Roxanne,f
Clément,m
Celine,f
Maëline,f
Monique,f
Mia,f
Tamara,f
Jeremie,m
Lana,f
Isis,f
Nabil,m
Henry,m
Cheikh,m
Aymane,m
Jacob,m
Brice,m
Michael,m
Omar,m
Nayla,f
Mattéo,m
Juliana,f
Lola,f
Lylia,f
Marc-Antoine,m
Sandro,m
Abdou,m
Jean-Robert,m
Quitterie,f
Nael,m
Castille,f
Walid,m
Kayla,f
Safa,f
Prisca,f
Helèna,f
Melchior,m
Zeynab,f
Zohair,f
Clara,f
Aliya,f
Dani,m
Younès,m
Nour,m
Olympia,f
Dahlia,f
Simon,m
Silas,m
Achraf,m
Adèle,f
Israa,f
Andre,m
Phileas,m
Aïcha,f
Merlin,m
Angelique,f
Ethel,f
Chahine,m
Blessing,f
Amir,m
Kadiatou,f
Christina,f
Nikola,m
Abdramane,m
Léana,f
Marisa,f
Kenza,f
Emmanuelle,f
Charlène,f
Solenn,f
Gilles,m
Baptiste,m
Latifa,f
Skander,m
Anissa,f
Charline,f
Farès,m
Wilson,m
Mathéo,m
Aristide,m
Linoy,f
Samy,m
Nawel,f
Islam,m
Sofiane,m
Matthew,m
Khadija,f
Emie,f
Mae,f
Matthis,m
Heloïse,f
Leslie,f
Eunice,f
Elodie,f
Janna,f
Aboubakar,m
Noham,m
Melia,f
Max,m
Avi,m
Mayline,f
Lula,f
Loïse,f
Iban,m
Curtis,m
Florentin,m
Lylou,f
Fatimata,f
Aurélien,m
Roxane,f
Artus,m
Alexandra,f
Cyrielle,f
Sacha,f
Damien,m
Nola,f
Evy,f
Aicha,f
Federico,m
Lucien,m
Ludmila,f
Ziad,m
Aylan,m
Swan,m
Meriem,f
Youri,m
Jean-Charles,m
Ian,m
Grace,f
Kadidia,f
Ishaq,m
Angelo,m
Ombeline,f
Athenaïs,f
Félix,m
Aliyah,f
Dylan,m
Soumaya,f
Rosalie,f
Gloria,f
Ellie,f
Delphine,f
Hugo,m
Geoffrey,m
Betty,f
Hamidou,m
Alone,m
Norhane,f
Ambrine,f
Sally,f
Zacharie,m
Shanon,f
Ismail,m
Yahya,m
Chiara,f
Eloi,m
Ethan,m
Elias,m
Apolline,f
Antony,m
Ada,f
Léonie,f
Tommy,m
Yanni,m
Paul,m
Remy,m
Floriane,f
Lorraine,f
Noam,m
Milena,f
Justin,m
Roy,m
Aden,m
Gaetan,m
Imane,f
Nermine,f
Nizar,m
Fatima,f
Anaelle,f
Emily,f
Lucile,f
Alyah,f
Blanche,f
Thiago,m
Alessio,m
Marnie,f
Serge,m
Tiffany,f
Enguerrand,m
Sean,m
Mateusz,m
Léna,f
Faustine,f
Giacomo,m
Neo,m
Maël,m
Zakarya,m
Joseph,m
Florian,m
Nohan,m
Lyam,m
Therèse,f
Zahra,f
Asma,f
Maryam,f
Andrea,f
Soren,m
Bernard,m
Assa,f
Leyla,f
Clarisse,f
Emy,f
Emna,f
Suzanne,f
Fanny,f
Aïda,f
Coline,f
Léo,m
Olaïa,f
Ayah,f
Kenzy,m
Gregoire,m
Soraya,f
Erine,f
Mathieu,m
Ari,m
Colin,m
Malick,m
Sana,f
Nassim,m
Angie,f
Nazim,m
Ambre,f
Emilio,m
Morgan,m
Maayane,f
Jonathan,m
Sabri,m
Malia,f
Gabrielle,f
Ranim,f
Salomon,m
Alixe,f
Anne-Sophie,f
Nelly,f
Zackary,m
Nahel,m
Myriam,f
Adama,m
Farouk,m
Naïm,m
Malcolm,m
Marius,m
Ilana,f
Beatrice,f
Ninon,f
Marie-Justine,f
Joanne,f
Hédi,m
Emmanuel,m
Eline,f
Zadig,m
Amel,f
Zyad,m
Baya,f
Eileen,f
Thibaut,m
Ruben,m
Oussama,m
Joël,m
Abdellatif,m
Shaï,m
Victoire,f
Sharon,f
Victor,m
Houda,f
Yazid,m
Sirine,f
Anton,m
Dominique,m
Layla,f
Emil,m
Aurelie,f
Rafaël,m
Alessia,f
Rudy,m
Djibril,m
Filipe,m
Sanaa,f
Zakaria,m
Joan,m
Idir,m
Zoé,f
Elora,f
Othmane,m
Evann,m
Leonard,m
Paula,f
Germain,m
Lisa,f
Keren,f
Lounis,m
Mark,m
Hania,f
Firas,m
Marko,m
Isra,f
Yasin,m
Lehna,f
Rokia,f
Moche,m
Goundo,f
Cameron,m
Micheline,f
Basile,m
Maëlys,f
Fadi,m
Inna,f
Pol,m
Hippolyte,m
Alissa,f
Florine,f
Alon,m
Jean-François,m
Akram,m
Jarod,m
Danyl,m
Timothe,m
Camélia,f
Maëlie,f
Fabien,m
Janelle,f
Jana,f
Archibald,m
Jean-Marc,m
Elliott,m
Bilel,m
Aris,m
Louay,m
Dounia,f
Jennifer,f
Joana,f
Armance,f
Jayson,m
Florence,f
Jenna,f
Siloe,f
Shani,f
Elisa,f
Sienna,f
Kelya,f
Ariana,f
Gabin,m
Gaël,m
Marwen,f
Tao,m
Zelie,f
Ilyana,f
Youna,f
Ariane,f
Syrine,f
Titouan,m
Flora,f
Lilia,f
Zack,m
Saad,m
Elsa,f
Maryse,f
Rim,f
Zachary,m
Idan,m
Eden,m
Liana,f
Bouchra,f
Mahé,m
Mara,f
Cassandre,f
Carla,f
Lydie,f
Clothilde,f
Laure,f
Philomène,f
Pierre-Henri,m
Astrid,f
May,f
Séréna,f
Frida,f
Emilie,f
Penelope,f
Salimata,f
Mikaïl,m
Yousra,f
Magdalena,f
Louka,m
Jade,f
Mariem,f
Lyes,m
Estelle,f
Gwénaëlle,f
Amara,m
Cheick-Oumar,m
Ricardo,m
Rodrigo,m
Naya,f
Niame,f
Souleymane,m
Mélissa,f
Oliwia,f
Aloys,m
Yohan,m
Aglae,f
Lucas,m
Nathaniel,m
Cassie,f
Saul,m
Cecile,f
Meriam,f
Eytan,m
Benoit,m
Lamine,m
Fenix,m
Issa,m
Noan,m
Tasnim,f
Laura,f
Eloan,m
Giovanni,m
Eya,f
Eliott,m
Pablo,m
Swann,m
Sekou,m
Amira,f
Remi,m
Filip,m
Cédric,m
Martin,m
Juan,m
Anis,m
Aïna,f
Josué,m
Ugo,m
Loane,f
Elyès,m
Armand,m
Soline,f
Linoï,f
Angeline,f
Antoine,m
Claire,f
Matteo,m
Marceau,m
Milla,f
Adelaïde,f
Harold,m
Arwen,f
Agnieszka,f
Ramy,m
Anael,f
Sam,m
Dalia,f
Léa,f
Yassine,m
Shayma,f
Ysée,f
Zuzanna,f
Fatou,f
Jayden,m
Pénélope,f
Rahma,f
Bastian,m
Malek,m
Leana,f
Gabriella,f
Nils,m
Fares,m
Ziyad,m
Alina,f
Zohra,f
Brayan,m
Nicolas,m
Aloïs,m
Eleanore,f
Wuilliam,m
Kenzi,m
Elyes,m
Gabriel,m
Niels,m
Aksil,m
Aziz,m
Meïssa,f
Mohammed,m
Aïdan,m
Abdoul,m
Halima,f
Samira,f
Marjolaine,f
Selyan,m
Mona,f
Eliot,m
Patrice,m
Perla,f
Oskar,m
Andy,m
Karl,m
Dayane,m
Wandrille,m
Kate,f
Cléo,f
Robinson,m
Marilou,f
Mika,m
Albane,f
Maude,f
Clémentine,f
Gaia,f
Maëly,f
Imene,f
André,m
Enora,f
Glenn,m
Athena,f
Bianca,f
Yuri,m
Manar,m
Lili-Rose,f
Ylan,m
Luisa,f
Thalia,f
Marc,m
Aya,f
Klara,f
Gauthier,m
Noelie,f
Vivien,m
Servanne,f
Appoline,f
Margo,f
Charles,m
Ryad,m
Mahdi,m
Nino,m
Fleur,f
Mateja,m
Maeva,f
Anita,f
Gregory,m
Anna,f
Andrei,m
Aleksandar,m
Divine,f
Tybalt,m
Marianne,f
Loïc,m
Amani,m
Cesar,m
Isaure,f
Mya,f
Chahinez,f
Ketsia,f
Michaël,m
Merwan,m
Habib,m
Flavien,m
Dune,f
Maïa,f
Aimé,m
Meryam,f
Mathilde,f
Thierno,m
Tesnime,f
Younes,m
Madeline,f
Solène,f
Gabriela,f
Haby,f
Théa,f
Corto,m
Gaspard,m
Sandrine,f
Kassim,m
Jibril,m
Karolina,f
Milan,m
Gisèle,f
Mahe,m
Elyas,m
Youcef,m
Ashley,f
Issiaka,m
Steve,m
Amar,m
Yacouba,m
Capucine,f
Charlotte,f
Safia,f
Ana,f
Philippe,m
Augustine,f
Shay,m
Cloe,f
Mahamadou,m
Aymen,m
Abdel,m
Ewan,m
Ludovic,m
Yani,m
Samuel,m
Luke,m
Mory,m
Inës,f
Jehanne,f
Hatem,m
Gary,m
Tidiane,m
Maksim,m
Erik,m
Arthur,m
Hayden,m
Luka,m
Anabel,f
Ela,f
Marcel,m
Eléa,f
Alizee,f
Oriane,f
Bruno,m
Cléa,f
Matthias,m
Vianney,m
Alexandre,m
Basil,m
Rohan,m
Luce,f
Feriel,f
Allegra,f
Madina,f
Elone,m
Dorian,m
Abraham,m
Jacques,m
Line,f
Melvyn,m
Jeremy,m
Milo,m
Laszlo,m
Jill,f
Mohamed-Amine,m
Alya,f
Johanne,f
Mayane,f
Eugenie,f
Simeon,m
Ornella,f
Inès,f
Chloe,f
Ezio,m
Tess,f
Yasser,m
Adil,m
Olga,f
Lauriane,f
Chirine,f
Ewen,m
Jessie,f
Mellina,f
Farah,f
Eléanore,f
Ibrahim,m
Arwa,f
Hasna,f
Valerio,m
Leonie,f
Margaux,f
Lison,f
Badis,m
Zacharia,m
Viktor,m
Yannick,m
Yanis,m
Monica,f
Andréa,m
Nine,f
Dana,f
Katia,f
Léopold,m
Assia,f
Jean-Paul,m
Beryl,f
Tania,f
Ludivine,f
Aaliyah,f
Teo,m
Ilian,m
Daphne,f
Kelvin,m
Alisha,f
Eliane,f
Daphné,f
Anaïs,f
Alban,m
Maximilian,m
Anais,f
Octave,m
Lassana,m
Aurel,m
Elise,f
Liya,f
Carolyn,f
Darine,f
Corentin,m
Bérénice,f
Kamila,f
Bérangère,f
Colombe,f
Ulysse,m
Louis,m
Makan,m
Moïse,m
Ghislaine,f
Sabine,f
Manel,f
Kawtar,f
Haïm,m
Alysson,f
Melvil,m
Leonardo,m
Alice,f
Rania,f
Ilyès,m
Aline,f
Jan,m
Nala,f
Matt,m
Eleonore,f
Charly,m
Layanah,f
Ron,m
Lazare,m
Béatrice,f
Zoë,f
Manal,f
Leni,f
Celestin,m
Adriana,f
Jinane,f
Alima,f
Ophélie,f
Bafode,m
Mayeul,m
Julian,m
Justine,f
Mahaut,f
Foucauld,m
Samia,f
Perle,f
Ladji,m
Florent,m
Joud,m
Elio,m
Lya,f
Kacper,m
Lorena,f
Jack,m
Kays,m
Tasnime,f
Maia,f
Nelya,f
Yozika,f
Abdellah,m
Raphaël,m
Neïla,f
Mariam,f
Franklin,m
Petronille,f
Kamel,m
Demba,m
Nathalie,f
Nell,f
Mathis,m
Claudine,f
Liza,f
Celeste,f
Violaine,f
Maceo,m
Zineb,f
Amine,m
Julianne,f
Eliel,m
Paloma,f
Leticia,f
Noemi,f
Abdourahmane,m
Neela,f
Shaïly,f
Guy,m
Anastasia,f
Loris,m
Yael,f
Fiona,f
Eduard,m
Naïl,m
Sabrina,f
Chaï,m
Théo,m
Jonas,m
Albert,m
Imen,f
Lirone,m
Kyle,m
Didier,m
Prudence,f
Selim,m
Nourane,f
Hortense,f
Flavia,f
Lyla,f
Idrissa,m
Haron,m
Sidney,m
Matias,m
Yasmine,f
Nathan,m
Ysee,f
Sophia,f
Virgile,m
Francis,m
Vasco,m
Aminata,f
Youssef,m
Yacine,m
Alexander,m
Anass,m
Kevin,m
Haroun,m
Bahia,f
Nolann,m
Elinor,f
Cindy,f
François,m
Shayna,f
Domitille,f
Amadou,m
Richard,m
Renaud,m
Matis,m
Waël,m
Fabienne,f
Alicia,f
Lara,f
Cléophée,f
Marco,m
Damian,m
Kyan,m
Lucia,f
Dan,m
Morgane,f
Lilya,f
Lauren,f
Méline,f
Celian,m
Alienor,f
Marwan,m
Modibo,m
Harry,m
Elia,f
Sidy,m
Frédéric,m
Bradley,m
Levana,f
Rivka,f
Helena,f
Thanina,f
Souleyman,m
Carmen,f
Iliane,m
Eric,m
Rafael,m
Geoffroy,m
Noâm,m
Yumi,f
Eleanor,f
Maëlis,f
Boubou,m
Eliahou,m
Bénédicte,f
Shaïma,f
Killian,m
Thibault,m
Luca,m
Samir,m
Auxence,m
Samson,m
Valérie,f
Jean-Baptiste,m
Paul-Arthur,m
Andreas,m
Marie,f
Gaétan,m
Otto,m
Muhammad,m
Gaëlle,f
Andrew,m
Ayden,m
Lucy,f
Naïma,f
Naël,m
Toscane,f
Quentin,m
Angélique,f
Benjamin,m
Mahault,f
Dyna,f
Bintou,f
Wendy,f
Salim,m
Luigi,m
Pierre-Alexandre,m
Manil,m
Catherine,f
Elissa,f
Theophile,m
Ismaël,m
Olivier,m
Lia,f
Tyron,m
Aiden,m
Tsipora,f
Theodore,m
Sylvie,f
Maëlle,f
Isidore,m
Felicie,f
Brahim,m
Cecilia,f
Rami,m
Erin,f
Valerie,m
Cleophee,f
Khalil,m
Melodie,f
Awa,f
Loan,m
Peter,m
Feryel,f
Marjane,f
Amos,m
Constantin,m
Dina,f
Theo,m
Sylvain,m
Laetitia,f
Armelle,f
Viviane,f
Ambroise,m
Lilie,f
Ruth,f
Zakariya,m
Mamadou,m
Orlane,f
Patrick,m
Daria,f
Côme,m
Paulin,m
Marcus,m
Félicie,f
Nayel,m
Vanessa,f
Liliane,f
Massinissa,m
Sephora,f
Anes,m
Wissam,f
Khadidiatou,f
Wissem,m
Eduardo,m
Mattheo,m
Tony,m
Shyrel,f
Lamia,f
Yassin,m
Maïlys,f
Gersende,f
Doriane,f
Esteban,m
Tanya,f
Célian,m
Keira,f
Willy,m
Kim,f
Miguel,m
Nathanaël,m
Selma,f
Lisandro,m
Aude,f
Celia,f
Warren,m
Cassiopee,f
Lancelot,m
Lalie,f
Aurelien,m
Adame,m
Oceane,f
Alphonse,m
Cyrille,m
Anne-Laure,f
Ines,f
Abigaïl,f
Maria,f
Axelle,f
Nina,f
Lilian,m
Livia,f
Shayan,m
Mathurin,m
Joe,m
Terence,m
Melina,f
Yoel,m
Melanie,f
Alpha,m
Valentine,f
Berenice,f
Yvon,m
Pierre-Antoine,m
Tom,m
Patricia,f
Cyrine,f
Lina,f
Arda,m
Faith,f
Wiktoria,f
Enola,f
Diane,f
Felix,m
Fantine,f
Logan,m
Nacer,m
Yaëlle,f
Lou-Anne,f
Judith,f
Jean-Pierre,m
Guilhem,m
Thaïs,f
Hubert,m
Danny,m
Louise,f
Christopher,m
Gaston,m
Louis-Marie,f
Ismael,m
Flavio,m
Michel,m
Kyliann,m
Mikail,m
Valentina,f
Dora,f
Fady,m
Toma,m
Moustapha,m
Thelma,f
Rosa,f
Leontine,f
Clemence,f
Fatouma,f
Gonzague,m
Riad,m
Giulia,f
Leo-Paul,m
Maxim,m
Jérôme,m
Lili,f
Cyrian,m
Wassim,m
Annabelle,f
Marie-Ange,f
Faouzi,f
Johnny,m
Menahem,m
Soan,m
Bettina,f
Leny,m
Tiana,f
John,m
Nawal,f
Arie,m
Shirel,f
Mady,f
Laëtitia,f
Penda,f
Nadège,f
Madeleine,f
Melusine,f
Mathias,m
Matisse,m
Imran,m
Marouane,m
Abdelkader,m
Khadidja,f
Manuel,m
Alyssa,f
Johann,m
Tiphaine,f
Mayssa,f
Sebastian,m
Paola,f
Lyna,f
Ahmad,m
Ben,m
Lilly,f
Guillemette,f
Ramata,f
Benoît,m
Emilia,f
Tal,f
Celina,f
Pierre-Louis,m
Salma,f
Jessica,f
Joris,m
Elijah,m
Ayaan,m
Ava,f
Mariama,f
Gautier,m
June,f
Maïwenn,f
Roman,m
Blaise,m
Tina,f
Constance,f
Pedro,m
Bogdan,m
Calvin,m
Isadora,f
Sira,f
Angel,f
Idriss,m
Emir,m
Vincent,m
Liam,m
Malika,f
Naëlle,f
Ousmane,m
Agnès,f
Lévi,m
Aidan,m
Sandra,f
Sihem,f
Rayan,m
Elina,f
Sibylle,f
Mike,m
Eve,f
Diego,m
Yosra,f
Arthus,m
Sebastien,m
Georgia,f
Emma,f
Ségolène,f
Carolina,f
Yara,f
Maxens,m
Haroune,m
Jenny,f
Stanislas,m
Kiara,f
Nans,m
Noura,f
Coralie,f
Siméon,m
Cristele,f
Ilhan,m
Hafsa,f
Yamina,f
Lilwenn,f
Eugène,m
Eloïse,f
Kylian,m
Ariel,f
Louane,f
Olivia,f
Yann,m
Malone,m
Aby,f
Jimmy,m
Nélia,f
Jawad,m
Mariame,f
Kady,f
Yves,m
Lindsay,f
Sara,f
Noor,f
Antonio,m
Chelsea,f
Tobias,m
Iyed,m
Nesrine,f
Yse,f
Michelle,f
Valentin,m
Jed,m
Amandine,f
Sterne,m
Maureen,f
Julien,m
Zakary,m
Béryl,f
Liz,f
Flavie,f
Hélie,m
Prince,m
Bonnie,f
Iolanda,f
Tesnim,f
Isaac,m
Kaïs,m
Robert,m
Lyne,f
Stéphanie,f
Maximilien,m
Tanguy,m
Shirine,f
Abdoulaye,m
Carl,m
Thierry,m
Naomie,f
Emmy,f
Eliette,f
Ilies,m
Audrey,f
Anouck,f
Karine,f
Preston,m
Billie,f
Mira,f
Hamed,m
Oumou,f
Mendel,m
Marie-Lou,f
Grâce,f
Kelly,f
Pascal,m
Shannon,f
Tatiana,f
Tomas,m
Hedi,m
David,m
Yoann,m
Pierre,m
Anya,f
El,m
Tara,f
Amaël,m
Jawed,m
Sakina,f
Adem,m
Nolan,m
Marwane,m
Eliana,f
Irène,f
Abderrahmane,m
Sidonie,f
Ivan,m
Elizabeth,f
Aïssatou,f
Abd,m
Dalla,f
Felicien,m
Colette,f
Virgil,m
Kilyan,m
Karen,f
Jerôme,m
Talya,f
Mouhamadou,m
Jude,m
Mohammad,m
Eyal,m
Leandre,m
Joy,f
Cerise,f
Kyllian,m
Fode,m
Louison,m
Elif,f
Grégoire,m
Esther,f
Junior,m
Driss,m
Ilyass,m
Clovis,m
Leo,m
Brieuc,m
Milhan,m
Luis,m
Steeve,m
Armel,m
Avital,f
Lila,f
Solal,m
Jean-Yves,m
Naïa,f
Arielle,f
Norah,f
Tea,f
Theotime,m
Louisa,f
Irina,f
Jeanne,f
Elvire,f
Sophie,f
Hamza,m
Maylis,f
Kenan,m
Benedicte,f
Riyad,m
Artemis,f
Oumar,m
Maelle,f
Dario,m
Clea,f
Serena,f
Brune,f
Vania,f
Abigaëlle,f
Cyrus,m
Aron,m
Bernadette,f
Astou,f
Lucille,f
Antonin,m
Karamoko,m
Aydan,m
Tiguida,f
Ali,m
Marion,f
Luz,f
Ysé,f
Yona,f
Rita,f
Mario,m
César,m
Owen,m
Noha,m
Prosper,m
Alexane,f
Samba,m
Shanice,f
Magali,f
Loup,m
Joyce,f
Liora,f
Jonah,m
Taïna,f
Adja,f
Tristan,m
Jannah,f
Karim,m
Asia,f
Thea,f
Asmaa,f
Romeo,m
Rachel,f
Hakim,m
Nene,f
Lukas,m
Neil,m
Coraline,f
Chris,m
Fabio,m
Meline,f
Reda,m
Shelly,f
Assya,f
Clement,m
Joey,m
Nelia,f
Elliot,m
Franck,m
Zou,f
Alec,m
Julie,f
Edgard,m
Nadia,f
Daphnee,f
Frederic,m
Iwan,m
Ernest,m
Aïsha,f
Amanda,f
Barthelemy,m
Louna,f
Sixtine,f
Isabelle,f
Constant,m
Matthieu,m
Alix,f
Bakary,m
Isabella,f
Boubacar,m
Virginia,f
Maya,f
Bertrand,m
Alfred,m
Marina,f
Guillaume,m
Kathleen,f
Eléonore,f
Clarence,m
Alyssia,f
Abel,m
Joséphine,f
Ayman,m
Isee,f
Naomi,f
Brian,m
Claudia,f
Malak,f
Zinedine,m
Loubna,f
Elyssa,f
Melvin,m
Daniel,m
Sébastien,m
Christelle,f
Shany,f
Ilona,f
Elouan,m
Denis,m
Edgar,m
Mustapha,m
Prune,f
Hassane,m
Mattia,m
Victoria,f
Marvin,m
Maelys,f
Sherine,f
Rémi,m
Eythan,m
Kenny,m
Mélanie,f
Evan,m
Joëlle,f
Alia,f
Elian,m
Israël,m
Jasmine,f
Romain,m
Aurore,f
Aïssata,f
Kévin,m
Jules,m
Luc,m
Josh,m
Clémence,f
Clementine,f
Serine,f
Harouna,m
Yoël,m
Marthe,f
Alassane,m
Fatim,f
Ephraïm,m
Marine,f
Basma,f
Iris,f
Shawn,m
Eurydice,f
Leopoldine,f
Bertille,f
Hadrien,m
Ilias,m
Cynthia,f
Natalia,f
Inza,m
Elea,f
Ahmed,m
Angèle,f
Flore,f
Thomas,m
Mina,f
Hanaé,f
Antonia,f
Ilyan,m
Corinne,f
Jean-Pascal,m
Bella,f
Odelia,f
Noémie,f
Meryl,f
Myrtille,f
Timéo,m
Oren,m
Eliza,f
Héloïse,f
Lionel,m
Alba,f
Bryan,m
Camil,m
Stella,f
Marylou,f
Leila,f
Balthazar,m
Erika,f
Rose,f
James,m
Alan,m
Dany,m
Moustafa,m
Johanna,f
Alexis,m
Ethann,m
Matys,m
Khady,f
Mickael,m
Lazar,m
Cleo,f
Ayline,f
Jean,m
Albertine,f
Jad,m
Noe,m
Lorenzo,m
Rawane,f
Solveig,f
Maëva,f
Naïla,f
Abigail,f
Habiba,f
Adriano,m
Barnabe,m
Shanna,f
Tessa,f
Aliénor,f
Hatouma,f
Ania,f
Anaëlle,f
Yaron,m
Christ,m
Lizza,f
Stéphane,m
Sasha,m
Sabrine,f
Jassim,m
Camilia,f
Edward,m
Myla,f
Steven,m
Aboubacar,m
Fabrice,m
Adélie,f
Josue,m
Kelyan,m
Anaël,f
Jennah,f
Sarah,f
Raphael,m
Lino,m
Amicie,f
Manuela,f
Nouha,m
Lydia,f
Thibaud,m
Timothee,m
Yaël,f
Solange,f
Paco,m
Kamil,m
Maé,m
Anselme,m
Matilda,f
Alistair,m
Leïla,f
Fatma,f
Daniela,f
Lise,f
Kimberly,f
Deborah,f
Amy,f
Gad,m
Aly,m
Helios,m
Stan,m
Mohamed,m
Jorik,m
Lynn,f
Anouk,f
Ella,f
Mody,m
Liv,f
Oscar,m
Theophane,m
Chayma,f
Blandine,f
Tiago,m
Boris,m
Philemon,m
Djeneba,f
Youness,m
Erwann,m
Lily,f
Yasmina,f
Célia,f
Sonia,f
Karla,f
Erwan,m
Nathanael,m
Elly,f
Cyril,m
Maxence,m
Aliou,m
Joachim,m
Garance,f
Lahna,f
Melinda,f
Moïra,f
Mehdi,m
Shana,f
Enzo,m
Jean-Jérôme,m
Aurelia,f
Violette,f
Mathilda,f
Inaya,f
Anthony,m
Tilio,m
Angela,f
Cécilia,f
Edouard,m
Noah,m
Levi,m
Aglaé,f
Nolhan,m
Yuna,f
Jean-Christophe,m
Salome,f
Marlene,f
Françoise,f
Hiba,f
Savannah,f
Maëlyne,f
Iman,f
Rémy,m
Mila,f
Joshua,m
Dilan,m
Igor,m
Julia,f
Adelie,f
Augustin,m
Barbara,f
Raoul,m
Ilyess,m
Valentino,m
Karamba,m
Abdallah,m
Alessandro,m
Xavier,m
Nora,f
Hanae,f
Safiya,f
Leyna,f
Marjorie,f
Pauline,f
Leonore,f
Chaïma,f
Eddy,m
Paul-Antoine,m
Eglantine,f
Aissatou,f
Cécile,f
Cheick,m
Edwin,m
Zayd,m
Charlize,f
Céline,f
Zayneb,f
Scott,m
Niouma,f
Nawfel,m
Jérémie,m
Fatoumata,f
Viktoria,f
Melissa,f
Eugénie,f
Darren,m
Dania,f
Aaron,m
Lenny,m
Sofia,f
Nelson,m
Adrien,m
Natacha,f
Chantal,f
Alexia,f
Jordan,m
Leon,m
Manon,f
Susanne,f
Adeline,f
Mylan,m
Maxine,f
Daniella,f
Amalia,f
Sadio,f
Sohane,f
Simone,f
Nahil,m
Seydou,m
Mouhamed,m
Sérine,f
Ranya,f
Hervé,m
Hicham,m
Lena,f
Dov,m
Hadriel,m
Kaïna,f
Leonor,f
Stefan,m
Idris,m
Alma,f
Saskia,f
Zelda,f
Angelina,f
Elie,m
Assetou,f
Gaïa,f
Cyriaque,m
Marwa,f
Arij,f
Clelia,f
Bastien,m
Gaspar,m
Agathe,f
Joanna,f
Dayan,m
Ema,f
Stanley,m
Candice,f
Santiago,m
Marley,m
Virginie,f
Pierre-Olivier,m
Amin,m
Kayna,f
Nil,m
Rym,f
Shaïna,f
Hugues,m
Andréas,m
Lubin,m
Jérémy,m
Ibrahima,m
Gianni,m
Vera,f
Priscille,f
Loïs,m
Saïd,m
Vladimir,m
Moussa,m
Amaury,m
Alex,m
Olympe,f
Anabelle,f
Amelie,f
Meryem,f
Izia,f
Tracy,f
Stephane,m
Camelia,f
Jane,f
Katell,f
